,composition,Atoms
0,Na1Bi1Br4,"[1, 1, 4]"
1,Na1Bi2Br7,"[1, 2, 7]"
2,Na1Bi3Br10,"[1, 3, 10]"
3,Na1Bi4Br13,"[1, 4, 13]"
4,Na2Bi1Br5,"[2, 1, 5]"
5,Na2Bi3Br11,"[2, 3, 11]"
6,Na3Bi1Br6,"[3, 1, 6]"
7,Na3Bi2Br9,"[3, 2, 9]"
8,Na4Bi1Br7,"[4, 1, 7]"
9,Na4Bi3Br13,"[4, 3, 13]"
10,Na5Bi1Br8,"[5, 1, 8]"
11,Na5Bi2Br11,"[5, 2, 11]"
12,Na6Bi1Br9,"[6, 1, 9]"
13,Na7Bi1Br10,"[7, 1, 10]"
14,Na8Bi1Br11,"[8, 1, 11]"
15,Na1Bi1I4,"[1, 1, 4]"
16,Na1Bi2I7,"[1, 2, 7]"
17,Na1Bi3I10,"[1, 3, 10]"
18,Na1Bi4I13,"[1, 4, 13]"
19,Na2Bi1I5,"[2, 1, 5]"
20,Na2Bi3I11,"[2, 3, 11]"
21,Na3Bi1I6,"[3, 1, 6]"
22,Na3Bi2I9,"[3, 2, 9]"
23,Na4Bi1I7,"[4, 1, 7]"
24,Na4Bi3I13,"[4, 3, 13]"
25,Na5Bi1I8,"[5, 1, 8]"
26,Na5Bi2I11,"[5, 2, 11]"
27,Na6Bi1I9,"[6, 1, 9]"
28,Na7Bi1I10,"[7, 1, 10]"
29,Na8Bi1I11,"[8, 1, 11]"
30,Na1Pb1Br3,"[1, 1, 3]"
31,Na1Pb2Br5,"[1, 2, 5]"
32,Na1Pb3Br7,"[1, 3, 7]"
33,Na1Pb4Br9,"[1, 4, 9]"
34,Na1Pb5Br11,"[1, 5, 11]"
35,Na1Pb6Br13,"[1, 6, 13]"
36,Na2Pb1Br1,"[2, 1, 1]"
37,Na2Pb1Br4,"[2, 1, 4]"
38,Na2Pb3Br8,"[2, 3, 8]"
39,Na2Pb5Br12,"[2, 5, 12]"
40,Na3Pb1Br2,"[3, 1, 2]"
41,Na3Pb1Br5,"[3, 1, 5]"
42,Na3Pb2Br1,"[3, 2, 1]"
43,Na3Pb2Br7,"[3, 2, 7]"
44,Na3Pb4Br11,"[3, 4, 11]"
45,Na4Pb1Br3,"[4, 1, 3]"
46,Na4Pb1Br6,"[4, 1, 6]"
47,Na4Pb3Br1,"[4, 3, 1]"
48,Na4Pb3Br10,"[4, 3, 10]"
49,Na5Pb1Br4,"[5, 1, 4]"
50,Na5Pb1Br7,"[5, 1, 7]"
51,Na5Pb2Br3,"[5, 2, 3]"
52,Na5Pb2Br9,"[5, 2, 9]"
53,Na5Pb3Br2,"[5, 3, 2]"
54,Na5Pb3Br11,"[5, 3, 11]"
55,Na5Pb4Br1,"[5, 4, 1]"
56,Na6Pb1Br5,"[6, 1, 5]"
57,Na6Pb1Br8,"[6, 1, 8]"
58,Na6Pb5Br1,"[6, 5, 1]"
59,Na7Pb1Br6,"[7, 1, 6]"
60,Na7Pb1Br9,"[7, 1, 9]"
61,Na7Pb2Br5,"[7, 2, 5]"
62,Na7Pb2Br11,"[7, 2, 11]"
63,Na7Pb3Br4,"[7, 3, 4]"
64,Na7Pb4Br3,"[7, 4, 3]"
65,Na7Pb5Br2,"[7, 5, 2]"
66,Na7Pb6Br1,"[7, 6, 1]"
67,Na8Pb1Br7,"[8, 1, 7]"
68,Na8Pb1Br10,"[8, 1, 10]"
69,Na8Pb3Br5,"[8, 3, 5]"
70,Na8Pb5Br3,"[8, 5, 3]"
71,Na8Pb7Br1,"[8, 7, 1]"
72,Na9Pb1Br8,"[9, 1, 8]"
73,Na9Pb2Br7,"[9, 2, 7]"
74,Na9Pb4Br5,"[9, 4, 5]"
75,Na9Pb5Br4,"[9, 5, 4]"
76,Na9Pb7Br2,"[9, 7, 2]"
77,Na9Pb8Br1,"[9, 8, 1]"
78,Na10Pb1Br9,"[10, 1, 9]"
79,Na10Pb3Br7,"[10, 3, 7]"
80,Na10Pb7Br3,"[10, 7, 3]"
81,Na10Pb9Br1,"[10, 9, 1]"
82,Na1Pb1I3,"[1, 1, 3]"
83,Na1Pb2I5,"[1, 2, 5]"
84,Na1Pb3I7,"[1, 3, 7]"
85,Na1Pb4I9,"[1, 4, 9]"
86,Na1Pb5I11,"[1, 5, 11]"
87,Na1Pb6I13,"[1, 6, 13]"
88,Na2Pb1I1,"[2, 1, 1]"
89,Na2Pb1I4,"[2, 1, 4]"
90,Na2Pb3I8,"[2, 3, 8]"
91,Na2Pb5I12,"[2, 5, 12]"
92,Na3Pb1I2,"[3, 1, 2]"
93,Na3Pb1I5,"[3, 1, 5]"
94,Na3Pb2I1,"[3, 2, 1]"
95,Na3Pb2I7,"[3, 2, 7]"
96,Na3Pb4I11,"[3, 4, 11]"
97,Na4Pb1I3,"[4, 1, 3]"
98,Na4Pb1I6,"[4, 1, 6]"
99,Na4Pb3I1,"[4, 3, 1]"
100,Na4Pb3I10,"[4, 3, 10]"
101,Na5Pb1I4,"[5, 1, 4]"
102,Na5Pb1I7,"[5, 1, 7]"
103,Na5Pb2I3,"[5, 2, 3]"
104,Na5Pb2I9,"[5, 2, 9]"
105,Na5Pb3I2,"[5, 3, 2]"
106,Na5Pb3I11,"[5, 3, 11]"
107,Na5Pb4I1,"[5, 4, 1]"
108,Na6Pb1I5,"[6, 1, 5]"
109,Na6Pb1I8,"[6, 1, 8]"
110,Na6Pb5I1,"[6, 5, 1]"
111,Na7Pb1I6,"[7, 1, 6]"
112,Na7Pb1I9,"[7, 1, 9]"
113,Na7Pb2I5,"[7, 2, 5]"
114,Na7Pb2I11,"[7, 2, 11]"
115,Na7Pb3I4,"[7, 3, 4]"
116,Na7Pb4I3,"[7, 4, 3]"
117,Na7Pb5I2,"[7, 5, 2]"
118,Na7Pb6I1,"[7, 6, 1]"
119,Na8Pb1I7,"[8, 1, 7]"
120,Na8Pb1I10,"[8, 1, 10]"
121,Na8Pb3I5,"[8, 3, 5]"
122,Na8Pb5I3,"[8, 5, 3]"
123,Na8Pb7I1,"[8, 7, 1]"
124,Na9Pb1I8,"[9, 1, 8]"
125,Na9Pb2I7,"[9, 2, 7]"
126,Na9Pb4I5,"[9, 4, 5]"
127,Na9Pb5I4,"[9, 5, 4]"
128,Na9Pb7I2,"[9, 7, 2]"
129,Na9Pb8I1,"[9, 8, 1]"
130,Na10Pb1I9,"[10, 1, 9]"
131,Na10Pb3I7,"[10, 3, 7]"
132,Na10Pb7I3,"[10, 7, 3]"
133,Na10Pb9I1,"[10, 9, 1]"
134,Na1Sb1Br4,"[1, 1, 4]"
135,Na1Sb2Br7,"[1, 2, 7]"
136,Na1Sb3Br10,"[1, 3, 10]"
137,Na1Sb4Br13,"[1, 4, 13]"
138,Na2Sb1Br5,"[2, 1, 5]"
139,Na2Sb3Br11,"[2, 3, 11]"
140,Na3Sb1Br6,"[3, 1, 6]"
141,Na3Sb2Br9,"[3, 2, 9]"
142,Na4Sb1Br1,"[4, 1, 1]"
143,Na4Sb1Br7,"[4, 1, 7]"
144,Na4Sb3Br13,"[4, 3, 13]"
145,Na5Sb1Br2,"[5, 1, 2]"
146,Na5Sb1Br8,"[5, 1, 8]"
147,Na5Sb2Br11,"[5, 2, 11]"
148,Na6Sb1Br3,"[6, 1, 3]"
149,Na6Sb1Br9,"[6, 1, 9]"
150,Na7Sb1Br4,"[7, 1, 4]"
151,Na7Sb1Br10,"[7, 1, 10]"
152,Na7Sb2Br1,"[7, 2, 1]"
153,Na8Sb1Br5,"[8, 1, 5]"
154,Na8Sb1Br11,"[8, 1, 11]"
155,Na9Sb1Br6,"[9, 1, 6]"
156,Na9Sb2Br3,"[9, 2, 3]"
157,Na10Sb1Br7,"[10, 1, 7]"
158,Na10Sb3Br1,"[10, 3, 1]"
159,Na11Sb1Br8,"[11, 1, 8]"
160,Na11Sb2Br5,"[11, 2, 5]"
161,Na11Sb3Br2,"[11, 3, 2]"
162,Na13Sb3Br4,"[13, 3, 4]"
163,Na13Sb4Br1,"[13, 4, 1]"
164,Na1Sb1I4,"[1, 1, 4]"
165,Na1Sb2I7,"[1, 2, 7]"
166,Na1Sb3I10,"[1, 3, 10]"
167,Na1Sb4I13,"[1, 4, 13]"
168,Na2Sb1I5,"[2, 1, 5]"
169,Na2Sb3I11,"[2, 3, 11]"
170,Na3Sb1I6,"[3, 1, 6]"
171,Na3Sb2I9,"[3, 2, 9]"
172,Na4Sb1I1,"[4, 1, 1]"
173,Na4Sb1I7,"[4, 1, 7]"
174,Na4Sb3I13,"[4, 3, 13]"
175,Na5Sb1I2,"[5, 1, 2]"
176,Na5Sb1I8,"[5, 1, 8]"
177,Na5Sb2I11,"[5, 2, 11]"
178,Na6Sb1I3,"[6, 1, 3]"
179,Na6Sb1I9,"[6, 1, 9]"
180,Na7Sb1I4,"[7, 1, 4]"
181,Na7Sb1I10,"[7, 1, 10]"
182,Na7Sb2I1,"[7, 2, 1]"
183,Na8Sb1I5,"[8, 1, 5]"
184,Na8Sb1I11,"[8, 1, 11]"
185,Na9Sb1I6,"[9, 1, 6]"
186,Na9Sb2I3,"[9, 2, 3]"
187,Na10Sb1I7,"[10, 1, 7]"
188,Na10Sb3I1,"[10, 3, 1]"
189,Na11Sb1I8,"[11, 1, 8]"
190,Na11Sb2I5,"[11, 2, 5]"
191,Na11Sb3I2,"[11, 3, 2]"
192,Na13Sb3I4,"[13, 3, 4]"
193,Na13Sb4I1,"[13, 4, 1]"
194,Na1Sn1Br5,"[1, 1, 5]"
195,Na1Sn2Br9,"[1, 2, 9]"
196,Na1Sn3Br13,"[1, 3, 13]"
197,Na2Sn1Br6,"[2, 1, 6]"
198,Na2Sn3Br14,"[2, 3, 14]"
199,Na3Sn1Br7,"[3, 1, 7]"
200,Na3Sn2Br11,"[3, 2, 11]"
201,Na4Sn1Br8,"[4, 1, 8]"
202,Na5Sn1Br9,"[5, 1, 9]"
203,Na5Sn2Br13,"[5, 2, 13]"
204,Na6Sn1Br10,"[6, 1, 10]"
205,Na7Sn1Br11,"[7, 1, 11]"
206,Na1Sn1I5,"[1, 1, 5]"
207,Na1Sn2I9,"[1, 2, 9]"
208,Na1Sn3I13,"[1, 3, 13]"
209,Na2Sn1I6,"[2, 1, 6]"
210,Na2Sn3I14,"[2, 3, 14]"
211,Na3Sn1I7,"[3, 1, 7]"
212,Na3Sn2I11,"[3, 2, 11]"
213,Na4Sn1I8,"[4, 1, 8]"
214,Na5Sn1I9,"[5, 1, 9]"
215,Na5Sn2I13,"[5, 2, 13]"
216,Na6Sn1I10,"[6, 1, 10]"
217,Na7Sn1I11,"[7, 1, 11]"
218,Na1In1Br4,"[1, 1, 4]"
219,Na1In2Br7,"[1, 2, 7]"
220,Na1In3Br10,"[1, 3, 10]"
221,Na1In4Br13,"[1, 4, 13]"
222,Na2In1Br5,"[2, 1, 5]"
223,Na2In3Br11,"[2, 3, 11]"
224,Na3In1Br6,"[3, 1, 6]"
225,Na3In2Br9,"[3, 2, 9]"
226,Na4In1Br7,"[4, 1, 7]"
227,Na4In3Br13,"[4, 3, 13]"
228,Na5In1Br8,"[5, 1, 8]"
229,Na5In2Br11,"[5, 2, 11]"
230,Na6In1Br9,"[6, 1, 9]"
231,Na7In1Br10,"[7, 1, 10]"
232,Na8In1Br11,"[8, 1, 11]"
233,Na1In1I4,"[1, 1, 4]"
234,Na1In2I7,"[1, 2, 7]"
235,Na1In3I10,"[1, 3, 10]"
236,Na1In4I13,"[1, 4, 13]"
237,Na2In1I5,"[2, 1, 5]"
238,Na2In3I11,"[2, 3, 11]"
239,Na3In1I6,"[3, 1, 6]"
240,Na3In2I9,"[3, 2, 9]"
241,Na4In1I7,"[4, 1, 7]"
242,Na4In3I13,"[4, 3, 13]"
243,Na5In1I8,"[5, 1, 8]"
244,Na5In2I11,"[5, 2, 11]"
245,Na6In1I9,"[6, 1, 9]"
246,Na7In1I10,"[7, 1, 10]"
247,Na8In1I11,"[8, 1, 11]"
248,K1Bi1Br4,"[1, 1, 4]"
249,K1Bi2Br7,"[1, 2, 7]"
250,K1Bi3Br10,"[1, 3, 10]"
251,K1Bi4Br13,"[1, 4, 13]"
252,K2Bi1Br5,"[2, 1, 5]"
253,K2Bi3Br11,"[2, 3, 11]"
254,K3Bi1Br6,"[3, 1, 6]"
255,K3Bi2Br9,"[3, 2, 9]"
256,K4Bi1Br7,"[4, 1, 7]"
257,K4Bi3Br13,"[4, 3, 13]"
258,K5Bi1Br8,"[5, 1, 8]"
259,K5Bi2Br11,"[5, 2, 11]"
260,K6Bi1Br9,"[6, 1, 9]"
261,K7Bi1Br10,"[7, 1, 10]"
262,K8Bi1Br11,"[8, 1, 11]"
263,K1Bi1I4,"[1, 1, 4]"
264,K1Bi2I7,"[1, 2, 7]"
265,K1Bi3I10,"[1, 3, 10]"
266,K1Bi4I13,"[1, 4, 13]"
267,K2Bi1I5,"[2, 1, 5]"
268,K2Bi3I11,"[2, 3, 11]"
269,K3Bi1I6,"[3, 1, 6]"
270,K3Bi2I9,"[3, 2, 9]"
271,K4Bi1I7,"[4, 1, 7]"
272,K4Bi3I13,"[4, 3, 13]"
273,K5Bi1I8,"[5, 1, 8]"
274,K5Bi2I11,"[5, 2, 11]"
275,K6Bi1I9,"[6, 1, 9]"
276,K7Bi1I10,"[7, 1, 10]"
277,K8Bi1I11,"[8, 1, 11]"
278,K1Pb1Br3,"[1, 1, 3]"
279,K1Pb2Br5,"[1, 2, 5]"
280,K1Pb3Br7,"[1, 3, 7]"
281,K1Pb4Br9,"[1, 4, 9]"
282,K1Pb5Br11,"[1, 5, 11]"
283,K1Pb6Br13,"[1, 6, 13]"
284,K2Pb1Br1,"[2, 1, 1]"
285,K2Pb1Br4,"[2, 1, 4]"
286,K2Pb3Br8,"[2, 3, 8]"
287,K2Pb5Br12,"[2, 5, 12]"
288,K3Pb1Br2,"[3, 1, 2]"
289,K3Pb1Br5,"[3, 1, 5]"
290,K3Pb2Br1,"[3, 2, 1]"
291,K3Pb2Br7,"[3, 2, 7]"
292,K3Pb4Br11,"[3, 4, 11]"
293,K4Pb1Br3,"[4, 1, 3]"
294,K4Pb1Br6,"[4, 1, 6]"
295,K4Pb3Br1,"[4, 3, 1]"
296,K4Pb3Br10,"[4, 3, 10]"
297,K5Pb1Br4,"[5, 1, 4]"
298,K5Pb1Br7,"[5, 1, 7]"
299,K5Pb2Br3,"[5, 2, 3]"
300,K5Pb2Br9,"[5, 2, 9]"
301,K5Pb3Br2,"[5, 3, 2]"
302,K5Pb3Br11,"[5, 3, 11]"
303,K5Pb4Br1,"[5, 4, 1]"
304,K6Pb1Br5,"[6, 1, 5]"
305,K6Pb1Br8,"[6, 1, 8]"
306,K6Pb5Br1,"[6, 5, 1]"
307,K7Pb1Br6,"[7, 1, 6]"
308,K7Pb1Br9,"[7, 1, 9]"
309,K7Pb2Br5,"[7, 2, 5]"
310,K7Pb2Br11,"[7, 2, 11]"
311,K7Pb3Br4,"[7, 3, 4]"
312,K7Pb4Br3,"[7, 4, 3]"
313,K7Pb5Br2,"[7, 5, 2]"
314,K7Pb6Br1,"[7, 6, 1]"
315,K8Pb1Br7,"[8, 1, 7]"
316,K8Pb1Br10,"[8, 1, 10]"
317,K8Pb3Br5,"[8, 3, 5]"
318,K8Pb5Br3,"[8, 5, 3]"
319,K8Pb7Br1,"[8, 7, 1]"
320,K9Pb1Br8,"[9, 1, 8]"
321,K9Pb2Br7,"[9, 2, 7]"
322,K9Pb4Br5,"[9, 4, 5]"
323,K9Pb5Br4,"[9, 5, 4]"
324,K9Pb7Br2,"[9, 7, 2]"
325,K9Pb8Br1,"[9, 8, 1]"
326,K10Pb1Br9,"[10, 1, 9]"
327,K10Pb3Br7,"[10, 3, 7]"
328,K10Pb7Br3,"[10, 7, 3]"
329,K10Pb9Br1,"[10, 9, 1]"
330,K1Pb1I3,"[1, 1, 3]"
331,K1Pb2I5,"[1, 2, 5]"
332,K1Pb3I7,"[1, 3, 7]"
333,K1Pb4I9,"[1, 4, 9]"
334,K1Pb5I11,"[1, 5, 11]"
335,K1Pb6I13,"[1, 6, 13]"
336,K2Pb1I1,"[2, 1, 1]"
337,K2Pb1I4,"[2, 1, 4]"
338,K2Pb3I8,"[2, 3, 8]"
339,K2Pb5I12,"[2, 5, 12]"
340,K3Pb1I2,"[3, 1, 2]"
341,K3Pb1I5,"[3, 1, 5]"
342,K3Pb2I1,"[3, 2, 1]"
343,K3Pb2I7,"[3, 2, 7]"
344,K3Pb4I11,"[3, 4, 11]"
345,K4Pb1I3,"[4, 1, 3]"
346,K4Pb1I6,"[4, 1, 6]"
347,K4Pb3I1,"[4, 3, 1]"
348,K4Pb3I10,"[4, 3, 10]"
349,K5Pb1I4,"[5, 1, 4]"
350,K5Pb1I7,"[5, 1, 7]"
351,K5Pb2I3,"[5, 2, 3]"
352,K5Pb2I9,"[5, 2, 9]"
353,K5Pb3I2,"[5, 3, 2]"
354,K5Pb3I11,"[5, 3, 11]"
355,K5Pb4I1,"[5, 4, 1]"
356,K6Pb1I5,"[6, 1, 5]"
357,K6Pb1I8,"[6, 1, 8]"
358,K6Pb5I1,"[6, 5, 1]"
359,K7Pb1I6,"[7, 1, 6]"
360,K7Pb1I9,"[7, 1, 9]"
361,K7Pb2I5,"[7, 2, 5]"
362,K7Pb2I11,"[7, 2, 11]"
363,K7Pb3I4,"[7, 3, 4]"
364,K7Pb4I3,"[7, 4, 3]"
365,K7Pb5I2,"[7, 5, 2]"
366,K7Pb6I1,"[7, 6, 1]"
367,K8Pb1I7,"[8, 1, 7]"
368,K8Pb1I10,"[8, 1, 10]"
369,K8Pb3I5,"[8, 3, 5]"
370,K8Pb5I3,"[8, 5, 3]"
371,K8Pb7I1,"[8, 7, 1]"
372,K9Pb1I8,"[9, 1, 8]"
373,K9Pb2I7,"[9, 2, 7]"
374,K9Pb4I5,"[9, 4, 5]"
375,K9Pb5I4,"[9, 5, 4]"
376,K9Pb7I2,"[9, 7, 2]"
377,K9Pb8I1,"[9, 8, 1]"
378,K10Pb1I9,"[10, 1, 9]"
379,K10Pb3I7,"[10, 3, 7]"
380,K10Pb7I3,"[10, 7, 3]"
381,K10Pb9I1,"[10, 9, 1]"
382,K1Sb1Br4,"[1, 1, 4]"
383,K1Sb2Br7,"[1, 2, 7]"
384,K1Sb3Br10,"[1, 3, 10]"
385,K1Sb4Br13,"[1, 4, 13]"
386,K2Sb1Br5,"[2, 1, 5]"
387,K2Sb3Br11,"[2, 3, 11]"
388,K3Sb1Br6,"[3, 1, 6]"
389,K3Sb2Br9,"[3, 2, 9]"
390,K4Sb1Br1,"[4, 1, 1]"
391,K4Sb1Br7,"[4, 1, 7]"
392,K4Sb3Br13,"[4, 3, 13]"
393,K5Sb1Br2,"[5, 1, 2]"
394,K5Sb1Br8,"[5, 1, 8]"
395,K5Sb2Br11,"[5, 2, 11]"
396,K6Sb1Br3,"[6, 1, 3]"
397,K6Sb1Br9,"[6, 1, 9]"
398,K7Sb1Br4,"[7, 1, 4]"
399,K7Sb1Br10,"[7, 1, 10]"
400,K7Sb2Br1,"[7, 2, 1]"
401,K8Sb1Br5,"[8, 1, 5]"
402,K8Sb1Br11,"[8, 1, 11]"
403,K9Sb1Br6,"[9, 1, 6]"
404,K9Sb2Br3,"[9, 2, 3]"
405,K10Sb1Br7,"[10, 1, 7]"
406,K10Sb3Br1,"[10, 3, 1]"
407,K11Sb1Br8,"[11, 1, 8]"
408,K11Sb2Br5,"[11, 2, 5]"
409,K11Sb3Br2,"[11, 3, 2]"
410,K13Sb3Br4,"[13, 3, 4]"
411,K13Sb4Br1,"[13, 4, 1]"
412,K1Sb1I4,"[1, 1, 4]"
413,K1Sb2I7,"[1, 2, 7]"
414,K1Sb3I10,"[1, 3, 10]"
415,K1Sb4I13,"[1, 4, 13]"
416,K2Sb1I5,"[2, 1, 5]"
417,K2Sb3I11,"[2, 3, 11]"
418,K3Sb1I6,"[3, 1, 6]"
419,K3Sb2I9,"[3, 2, 9]"
420,K4Sb1I1,"[4, 1, 1]"
421,K4Sb1I7,"[4, 1, 7]"
422,K4Sb3I13,"[4, 3, 13]"
423,K5Sb1I2,"[5, 1, 2]"
424,K5Sb1I8,"[5, 1, 8]"
425,K5Sb2I11,"[5, 2, 11]"
426,K6Sb1I3,"[6, 1, 3]"
427,K6Sb1I9,"[6, 1, 9]"
428,K7Sb1I4,"[7, 1, 4]"
429,K7Sb1I10,"[7, 1, 10]"
430,K7Sb2I1,"[7, 2, 1]"
431,K8Sb1I5,"[8, 1, 5]"
432,K8Sb1I11,"[8, 1, 11]"
433,K9Sb1I6,"[9, 1, 6]"
434,K9Sb2I3,"[9, 2, 3]"
435,K10Sb1I7,"[10, 1, 7]"
436,K10Sb3I1,"[10, 3, 1]"
437,K11Sb1I8,"[11, 1, 8]"
438,K11Sb2I5,"[11, 2, 5]"
439,K11Sb3I2,"[11, 3, 2]"
440,K13Sb3I4,"[13, 3, 4]"
441,K13Sb4I1,"[13, 4, 1]"
442,K1Sn1Br5,"[1, 1, 5]"
443,K1Sn2Br9,"[1, 2, 9]"
444,K1Sn3Br13,"[1, 3, 13]"
445,K2Sn1Br6,"[2, 1, 6]"
446,K2Sn3Br14,"[2, 3, 14]"
447,K3Sn1Br7,"[3, 1, 7]"
448,K3Sn2Br11,"[3, 2, 11]"
449,K4Sn1Br8,"[4, 1, 8]"
450,K5Sn1Br9,"[5, 1, 9]"
451,K5Sn2Br13,"[5, 2, 13]"
452,K6Sn1Br10,"[6, 1, 10]"
453,K7Sn1Br11,"[7, 1, 11]"
454,K1Sn1I5,"[1, 1, 5]"
455,K1Sn2I9,"[1, 2, 9]"
456,K1Sn3I13,"[1, 3, 13]"
457,K2Sn1I6,"[2, 1, 6]"
458,K2Sn3I14,"[2, 3, 14]"
459,K3Sn1I7,"[3, 1, 7]"
460,K3Sn2I11,"[3, 2, 11]"
461,K4Sn1I8,"[4, 1, 8]"
462,K5Sn1I9,"[5, 1, 9]"
463,K5Sn2I13,"[5, 2, 13]"
464,K6Sn1I10,"[6, 1, 10]"
465,K7Sn1I11,"[7, 1, 11]"
466,K1In1Br4,"[1, 1, 4]"
467,K1In2Br7,"[1, 2, 7]"
468,K1In3Br10,"[1, 3, 10]"
469,K1In4Br13,"[1, 4, 13]"
470,K2In1Br5,"[2, 1, 5]"
471,K2In3Br11,"[2, 3, 11]"
472,K3In1Br6,"[3, 1, 6]"
473,K3In2Br9,"[3, 2, 9]"
474,K4In1Br7,"[4, 1, 7]"
475,K4In3Br13,"[4, 3, 13]"
476,K5In1Br8,"[5, 1, 8]"
477,K5In2Br11,"[5, 2, 11]"
478,K6In1Br9,"[6, 1, 9]"
479,K7In1Br10,"[7, 1, 10]"
480,K8In1Br11,"[8, 1, 11]"
481,K1In1I4,"[1, 1, 4]"
482,K1In2I7,"[1, 2, 7]"
483,K1In3I10,"[1, 3, 10]"
484,K1In4I13,"[1, 4, 13]"
485,K2In1I5,"[2, 1, 5]"
486,K2In3I11,"[2, 3, 11]"
487,K3In1I6,"[3, 1, 6]"
488,K3In2I9,"[3, 2, 9]"
489,K4In1I7,"[4, 1, 7]"
490,K4In3I13,"[4, 3, 13]"
491,K5In1I8,"[5, 1, 8]"
492,K5In2I11,"[5, 2, 11]"
493,K6In1I9,"[6, 1, 9]"
494,K7In1I10,"[7, 1, 10]"
495,K8In1I11,"[8, 1, 11]"
496,Rb1Bi1Br4,"[1, 1, 4]"
497,Rb1Bi2Br7,"[1, 2, 7]"
498,Rb1Bi3Br10,"[1, 3, 10]"
499,Rb1Bi4Br13,"[1, 4, 13]"
500,Rb2Bi1Br5,"[2, 1, 5]"
501,Rb2Bi3Br11,"[2, 3, 11]"
502,Rb3Bi1Br6,"[3, 1, 6]"
503,Rb3Bi2Br9,"[3, 2, 9]"
504,Rb4Bi1Br7,"[4, 1, 7]"
505,Rb4Bi3Br13,"[4, 3, 13]"
506,Rb5Bi1Br8,"[5, 1, 8]"
507,Rb5Bi2Br11,"[5, 2, 11]"
508,Rb6Bi1Br9,"[6, 1, 9]"
509,Rb7Bi1Br10,"[7, 1, 10]"
510,Rb8Bi1Br11,"[8, 1, 11]"
511,Rb1Bi1I4,"[1, 1, 4]"
512,Rb1Bi2I7,"[1, 2, 7]"
513,Rb1Bi3I10,"[1, 3, 10]"
514,Rb1Bi4I13,"[1, 4, 13]"
515,Rb2Bi1I5,"[2, 1, 5]"
516,Rb2Bi3I11,"[2, 3, 11]"
517,Rb3Bi1I6,"[3, 1, 6]"
518,Rb3Bi2I9,"[3, 2, 9]"
519,Rb4Bi1I7,"[4, 1, 7]"
520,Rb4Bi3I13,"[4, 3, 13]"
521,Rb5Bi1I8,"[5, 1, 8]"
522,Rb5Bi2I11,"[5, 2, 11]"
523,Rb6Bi1I9,"[6, 1, 9]"
524,Rb7Bi1I10,"[7, 1, 10]"
525,Rb8Bi1I11,"[8, 1, 11]"
526,Rb1Pb1Br3,"[1, 1, 3]"
527,Rb1Pb2Br5,"[1, 2, 5]"
528,Rb1Pb3Br7,"[1, 3, 7]"
529,Rb1Pb4Br9,"[1, 4, 9]"
530,Rb1Pb5Br11,"[1, 5, 11]"
531,Rb1Pb6Br13,"[1, 6, 13]"
532,Rb2Pb1Br1,"[2, 1, 1]"
533,Rb2Pb1Br4,"[2, 1, 4]"
534,Rb2Pb3Br8,"[2, 3, 8]"
535,Rb2Pb5Br12,"[2, 5, 12]"
536,Rb3Pb1Br2,"[3, 1, 2]"
537,Rb3Pb1Br5,"[3, 1, 5]"
538,Rb3Pb2Br1,"[3, 2, 1]"
539,Rb3Pb2Br7,"[3, 2, 7]"
540,Rb3Pb4Br11,"[3, 4, 11]"
541,Rb4Pb1Br3,"[4, 1, 3]"
542,Rb4Pb1Br6,"[4, 1, 6]"
543,Rb4Pb3Br1,"[4, 3, 1]"
544,Rb4Pb3Br10,"[4, 3, 10]"
545,Rb5Pb1Br4,"[5, 1, 4]"
546,Rb5Pb1Br7,"[5, 1, 7]"
547,Rb5Pb2Br3,"[5, 2, 3]"
548,Rb5Pb2Br9,"[5, 2, 9]"
549,Rb5Pb3Br2,"[5, 3, 2]"
550,Rb5Pb3Br11,"[5, 3, 11]"
551,Rb5Pb4Br1,"[5, 4, 1]"
552,Rb6Pb1Br5,"[6, 1, 5]"
553,Rb6Pb1Br8,"[6, 1, 8]"
554,Rb6Pb5Br1,"[6, 5, 1]"
555,Rb7Pb1Br6,"[7, 1, 6]"
556,Rb7Pb1Br9,"[7, 1, 9]"
557,Rb7Pb2Br5,"[7, 2, 5]"
558,Rb7Pb2Br11,"[7, 2, 11]"
559,Rb7Pb3Br4,"[7, 3, 4]"
560,Rb7Pb4Br3,"[7, 4, 3]"
561,Rb7Pb5Br2,"[7, 5, 2]"
562,Rb7Pb6Br1,"[7, 6, 1]"
563,Rb8Pb1Br7,"[8, 1, 7]"
564,Rb8Pb1Br10,"[8, 1, 10]"
565,Rb8Pb3Br5,"[8, 3, 5]"
566,Rb8Pb5Br3,"[8, 5, 3]"
567,Rb8Pb7Br1,"[8, 7, 1]"
568,Rb9Pb1Br8,"[9, 1, 8]"
569,Rb9Pb2Br7,"[9, 2, 7]"
570,Rb9Pb4Br5,"[9, 4, 5]"
571,Rb9Pb5Br4,"[9, 5, 4]"
572,Rb9Pb7Br2,"[9, 7, 2]"
573,Rb9Pb8Br1,"[9, 8, 1]"
574,Rb10Pb1Br9,"[10, 1, 9]"
575,Rb10Pb3Br7,"[10, 3, 7]"
576,Rb10Pb7Br3,"[10, 7, 3]"
577,Rb10Pb9Br1,"[10, 9, 1]"
578,Rb1Pb1I3,"[1, 1, 3]"
579,Rb1Pb2I5,"[1, 2, 5]"
580,Rb1Pb3I7,"[1, 3, 7]"
581,Rb1Pb4I9,"[1, 4, 9]"
582,Rb1Pb5I11,"[1, 5, 11]"
583,Rb1Pb6I13,"[1, 6, 13]"
584,Rb2Pb1I1,"[2, 1, 1]"
585,Rb2Pb1I4,"[2, 1, 4]"
586,Rb2Pb3I8,"[2, 3, 8]"
587,Rb2Pb5I12,"[2, 5, 12]"
588,Rb3Pb1I2,"[3, 1, 2]"
589,Rb3Pb1I5,"[3, 1, 5]"
590,Rb3Pb2I1,"[3, 2, 1]"
591,Rb3Pb2I7,"[3, 2, 7]"
592,Rb3Pb4I11,"[3, 4, 11]"
593,Rb4Pb1I3,"[4, 1, 3]"
594,Rb4Pb1I6,"[4, 1, 6]"
595,Rb4Pb3I1,"[4, 3, 1]"
596,Rb4Pb3I10,"[4, 3, 10]"
597,Rb5Pb1I4,"[5, 1, 4]"
598,Rb5Pb1I7,"[5, 1, 7]"
599,Rb5Pb2I3,"[5, 2, 3]"
600,Rb5Pb2I9,"[5, 2, 9]"
601,Rb5Pb3I2,"[5, 3, 2]"
602,Rb5Pb3I11,"[5, 3, 11]"
603,Rb5Pb4I1,"[5, 4, 1]"
604,Rb6Pb1I5,"[6, 1, 5]"
605,Rb6Pb1I8,"[6, 1, 8]"
606,Rb6Pb5I1,"[6, 5, 1]"
607,Rb7Pb1I6,"[7, 1, 6]"
608,Rb7Pb1I9,"[7, 1, 9]"
609,Rb7Pb2I5,"[7, 2, 5]"
610,Rb7Pb2I11,"[7, 2, 11]"
611,Rb7Pb3I4,"[7, 3, 4]"
612,Rb7Pb4I3,"[7, 4, 3]"
613,Rb7Pb5I2,"[7, 5, 2]"
614,Rb7Pb6I1,"[7, 6, 1]"
615,Rb8Pb1I7,"[8, 1, 7]"
616,Rb8Pb1I10,"[8, 1, 10]"
617,Rb8Pb3I5,"[8, 3, 5]"
618,Rb8Pb5I3,"[8, 5, 3]"
619,Rb8Pb7I1,"[8, 7, 1]"
620,Rb9Pb1I8,"[9, 1, 8]"
621,Rb9Pb2I7,"[9, 2, 7]"
622,Rb9Pb4I5,"[9, 4, 5]"
623,Rb9Pb5I4,"[9, 5, 4]"
624,Rb9Pb7I2,"[9, 7, 2]"
625,Rb9Pb8I1,"[9, 8, 1]"
626,Rb10Pb1I9,"[10, 1, 9]"
627,Rb10Pb3I7,"[10, 3, 7]"
628,Rb10Pb7I3,"[10, 7, 3]"
629,Rb10Pb9I1,"[10, 9, 1]"
630,Rb1Sb1Br4,"[1, 1, 4]"
631,Rb1Sb2Br7,"[1, 2, 7]"
632,Rb1Sb3Br10,"[1, 3, 10]"
633,Rb1Sb4Br13,"[1, 4, 13]"
634,Rb2Sb1Br5,"[2, 1, 5]"
635,Rb2Sb3Br11,"[2, 3, 11]"
636,Rb3Sb1Br6,"[3, 1, 6]"
637,Rb3Sb2Br9,"[3, 2, 9]"
638,Rb4Sb1Br1,"[4, 1, 1]"
639,Rb4Sb1Br7,"[4, 1, 7]"
640,Rb4Sb3Br13,"[4, 3, 13]"
641,Rb5Sb1Br2,"[5, 1, 2]"
642,Rb5Sb1Br8,"[5, 1, 8]"
643,Rb5Sb2Br11,"[5, 2, 11]"
644,Rb6Sb1Br3,"[6, 1, 3]"
645,Rb6Sb1Br9,"[6, 1, 9]"
646,Rb7Sb1Br4,"[7, 1, 4]"
647,Rb7Sb1Br10,"[7, 1, 10]"
648,Rb7Sb2Br1,"[7, 2, 1]"
649,Rb8Sb1Br5,"[8, 1, 5]"
650,Rb8Sb1Br11,"[8, 1, 11]"
651,Rb9Sb1Br6,"[9, 1, 6]"
652,Rb9Sb2Br3,"[9, 2, 3]"
653,Rb10Sb1Br7,"[10, 1, 7]"
654,Rb10Sb3Br1,"[10, 3, 1]"
655,Rb11Sb1Br8,"[11, 1, 8]"
656,Rb11Sb2Br5,"[11, 2, 5]"
657,Rb11Sb3Br2,"[11, 3, 2]"
658,Rb13Sb3Br4,"[13, 3, 4]"
659,Rb13Sb4Br1,"[13, 4, 1]"
660,Rb1Sb1I4,"[1, 1, 4]"
661,Rb1Sb2I7,"[1, 2, 7]"
662,Rb1Sb3I10,"[1, 3, 10]"
663,Rb1Sb4I13,"[1, 4, 13]"
664,Rb2Sb1I5,"[2, 1, 5]"
665,Rb2Sb3I11,"[2, 3, 11]"
666,Rb3Sb1I6,"[3, 1, 6]"
667,Rb3Sb2I9,"[3, 2, 9]"
668,Rb4Sb1I1,"[4, 1, 1]"
669,Rb4Sb1I7,"[4, 1, 7]"
670,Rb4Sb3I13,"[4, 3, 13]"
671,Rb5Sb1I2,"[5, 1, 2]"
672,Rb5Sb1I8,"[5, 1, 8]"
673,Rb5Sb2I11,"[5, 2, 11]"
674,Rb6Sb1I3,"[6, 1, 3]"
675,Rb6Sb1I9,"[6, 1, 9]"
676,Rb7Sb1I4,"[7, 1, 4]"
677,Rb7Sb1I10,"[7, 1, 10]"
678,Rb7Sb2I1,"[7, 2, 1]"
679,Rb8Sb1I5,"[8, 1, 5]"
680,Rb8Sb1I11,"[8, 1, 11]"
681,Rb9Sb1I6,"[9, 1, 6]"
682,Rb9Sb2I3,"[9, 2, 3]"
683,Rb10Sb1I7,"[10, 1, 7]"
684,Rb10Sb3I1,"[10, 3, 1]"
685,Rb11Sb1I8,"[11, 1, 8]"
686,Rb11Sb2I5,"[11, 2, 5]"
687,Rb11Sb3I2,"[11, 3, 2]"
688,Rb13Sb3I4,"[13, 3, 4]"
689,Rb13Sb4I1,"[13, 4, 1]"
690,Rb1Sn1Br5,"[1, 1, 5]"
691,Rb1Sn2Br9,"[1, 2, 9]"
692,Rb1Sn3Br13,"[1, 3, 13]"
693,Rb2Sn1Br6,"[2, 1, 6]"
694,Rb2Sn3Br14,"[2, 3, 14]"
695,Rb3Sn1Br7,"[3, 1, 7]"
696,Rb3Sn2Br11,"[3, 2, 11]"
697,Rb4Sn1Br8,"[4, 1, 8]"
698,Rb5Sn1Br9,"[5, 1, 9]"
699,Rb5Sn2Br13,"[5, 2, 13]"
700,Rb6Sn1Br10,"[6, 1, 10]"
701,Rb7Sn1Br11,"[7, 1, 11]"
702,Rb1Sn1I5,"[1, 1, 5]"
703,Rb1Sn2I9,"[1, 2, 9]"
704,Rb1Sn3I13,"[1, 3, 13]"
705,Rb2Sn1I6,"[2, 1, 6]"
706,Rb2Sn3I14,"[2, 3, 14]"
707,Rb3Sn1I7,"[3, 1, 7]"
708,Rb3Sn2I11,"[3, 2, 11]"
709,Rb4Sn1I8,"[4, 1, 8]"
710,Rb5Sn1I9,"[5, 1, 9]"
711,Rb5Sn2I13,"[5, 2, 13]"
712,Rb6Sn1I10,"[6, 1, 10]"
713,Rb7Sn1I11,"[7, 1, 11]"
714,Rb1In1Br4,"[1, 1, 4]"
715,Rb1In2Br7,"[1, 2, 7]"
716,Rb1In3Br10,"[1, 3, 10]"
717,Rb1In4Br13,"[1, 4, 13]"
718,Rb2In1Br5,"[2, 1, 5]"
719,Rb2In3Br11,"[2, 3, 11]"
720,Rb3In1Br6,"[3, 1, 6]"
721,Rb3In2Br9,"[3, 2, 9]"
722,Rb4In1Br7,"[4, 1, 7]"
723,Rb4In3Br13,"[4, 3, 13]"
724,Rb5In1Br8,"[5, 1, 8]"
725,Rb5In2Br11,"[5, 2, 11]"
726,Rb6In1Br9,"[6, 1, 9]"
727,Rb7In1Br10,"[7, 1, 10]"
728,Rb8In1Br11,"[8, 1, 11]"
729,Rb1In1I4,"[1, 1, 4]"
730,Rb1In2I7,"[1, 2, 7]"
731,Rb1In3I10,"[1, 3, 10]"
732,Rb1In4I13,"[1, 4, 13]"
733,Rb2In1I5,"[2, 1, 5]"
734,Rb2In3I11,"[2, 3, 11]"
735,Rb3In1I6,"[3, 1, 6]"
736,Rb3In2I9,"[3, 2, 9]"
737,Rb4In1I7,"[4, 1, 7]"
738,Rb4In3I13,"[4, 3, 13]"
739,Rb5In1I8,"[5, 1, 8]"
740,Rb5In2I11,"[5, 2, 11]"
741,Rb6In1I9,"[6, 1, 9]"
742,Rb7In1I10,"[7, 1, 10]"
743,Rb8In1I11,"[8, 1, 11]"
744,Cs1Bi1Br4,"[1, 1, 4]"
745,Cs1Bi2Br7,"[1, 2, 7]"
746,Cs1Bi3Br10,"[1, 3, 10]"
747,Cs1Bi4Br13,"[1, 4, 13]"
748,Cs2Bi1Br5,"[2, 1, 5]"
749,Cs2Bi3Br11,"[2, 3, 11]"
750,Cs3Bi1Br6,"[3, 1, 6]"
751,Cs3Bi2Br9,"[3, 2, 9]"
752,Cs4Bi1Br7,"[4, 1, 7]"
753,Cs4Bi3Br13,"[4, 3, 13]"
754,Cs5Bi1Br8,"[5, 1, 8]"
755,Cs5Bi2Br11,"[5, 2, 11]"
756,Cs6Bi1Br9,"[6, 1, 9]"
757,Cs7Bi1Br10,"[7, 1, 10]"
758,Cs8Bi1Br11,"[8, 1, 11]"
759,Cs1Bi1I4,"[1, 1, 4]"
760,Cs1Bi2I7,"[1, 2, 7]"
761,Cs1Bi3I10,"[1, 3, 10]"
762,Cs1Bi4I13,"[1, 4, 13]"
763,Cs2Bi1I5,"[2, 1, 5]"
764,Cs2Bi3I11,"[2, 3, 11]"
765,Cs3Bi1I6,"[3, 1, 6]"
766,Cs3Bi2I9,"[3, 2, 9]"
767,Cs4Bi1I7,"[4, 1, 7]"
768,Cs4Bi3I13,"[4, 3, 13]"
769,Cs5Bi1I8,"[5, 1, 8]"
770,Cs5Bi2I11,"[5, 2, 11]"
771,Cs6Bi1I9,"[6, 1, 9]"
772,Cs7Bi1I10,"[7, 1, 10]"
773,Cs8Bi1I11,"[8, 1, 11]"
774,Cs1Pb1Br3,"[1, 1, 3]"
775,Cs1Pb2Br5,"[1, 2, 5]"
776,Cs1Pb3Br7,"[1, 3, 7]"
777,Cs1Pb4Br9,"[1, 4, 9]"
778,Cs1Pb5Br11,"[1, 5, 11]"
779,Cs1Pb6Br13,"[1, 6, 13]"
780,Cs2Pb1Br1,"[2, 1, 1]"
781,Cs2Pb1Br4,"[2, 1, 4]"
782,Cs2Pb3Br8,"[2, 3, 8]"
783,Cs2Pb5Br12,"[2, 5, 12]"
784,Cs3Pb1Br2,"[3, 1, 2]"
785,Cs3Pb1Br5,"[3, 1, 5]"
786,Cs3Pb2Br1,"[3, 2, 1]"
787,Cs3Pb2Br7,"[3, 2, 7]"
788,Cs3Pb4Br11,"[3, 4, 11]"
789,Cs4Pb1Br3,"[4, 1, 3]"
790,Cs4Pb1Br6,"[4, 1, 6]"
791,Cs4Pb3Br1,"[4, 3, 1]"
792,Cs4Pb3Br10,"[4, 3, 10]"
793,Cs5Pb1Br4,"[5, 1, 4]"
794,Cs5Pb1Br7,"[5, 1, 7]"
795,Cs5Pb2Br3,"[5, 2, 3]"
796,Cs5Pb2Br9,"[5, 2, 9]"
797,Cs5Pb3Br2,"[5, 3, 2]"
798,Cs5Pb3Br11,"[5, 3, 11]"
799,Cs5Pb4Br1,"[5, 4, 1]"
800,Cs6Pb1Br5,"[6, 1, 5]"
801,Cs6Pb1Br8,"[6, 1, 8]"
802,Cs6Pb5Br1,"[6, 5, 1]"
803,Cs7Pb1Br6,"[7, 1, 6]"
804,Cs7Pb1Br9,"[7, 1, 9]"
805,Cs7Pb2Br5,"[7, 2, 5]"
806,Cs7Pb2Br11,"[7, 2, 11]"
807,Cs7Pb3Br4,"[7, 3, 4]"
808,Cs7Pb4Br3,"[7, 4, 3]"
809,Cs7Pb5Br2,"[7, 5, 2]"
810,Cs7Pb6Br1,"[7, 6, 1]"
811,Cs8Pb1Br7,"[8, 1, 7]"
812,Cs8Pb1Br10,"[8, 1, 10]"
813,Cs8Pb3Br5,"[8, 3, 5]"
814,Cs8Pb5Br3,"[8, 5, 3]"
815,Cs8Pb7Br1,"[8, 7, 1]"
816,Cs9Pb1Br8,"[9, 1, 8]"
817,Cs9Pb2Br7,"[9, 2, 7]"
818,Cs9Pb4Br5,"[9, 4, 5]"
819,Cs9Pb5Br4,"[9, 5, 4]"
820,Cs9Pb7Br2,"[9, 7, 2]"
821,Cs9Pb8Br1,"[9, 8, 1]"
822,Cs10Pb1Br9,"[10, 1, 9]"
823,Cs10Pb3Br7,"[10, 3, 7]"
824,Cs10Pb7Br3,"[10, 7, 3]"
825,Cs10Pb9Br1,"[10, 9, 1]"
826,Cs1Pb1I3,"[1, 1, 3]"
827,Cs1Pb2I5,"[1, 2, 5]"
828,Cs1Pb3I7,"[1, 3, 7]"
829,Cs1Pb4I9,"[1, 4, 9]"
830,Cs1Pb5I11,"[1, 5, 11]"
831,Cs1Pb6I13,"[1, 6, 13]"
832,Cs2Pb1I1,"[2, 1, 1]"
833,Cs2Pb1I4,"[2, 1, 4]"
834,Cs2Pb3I8,"[2, 3, 8]"
835,Cs2Pb5I12,"[2, 5, 12]"
836,Cs3Pb1I2,"[3, 1, 2]"
837,Cs3Pb1I5,"[3, 1, 5]"
838,Cs3Pb2I1,"[3, 2, 1]"
839,Cs3Pb2I7,"[3, 2, 7]"
840,Cs3Pb4I11,"[3, 4, 11]"
841,Cs4Pb1I3,"[4, 1, 3]"
842,Cs4Pb1I6,"[4, 1, 6]"
843,Cs4Pb3I1,"[4, 3, 1]"
844,Cs4Pb3I10,"[4, 3, 10]"
845,Cs5Pb1I4,"[5, 1, 4]"
846,Cs5Pb1I7,"[5, 1, 7]"
847,Cs5Pb2I3,"[5, 2, 3]"
848,Cs5Pb2I9,"[5, 2, 9]"
849,Cs5Pb3I2,"[5, 3, 2]"
850,Cs5Pb3I11,"[5, 3, 11]"
851,Cs5Pb4I1,"[5, 4, 1]"
852,Cs6Pb1I5,"[6, 1, 5]"
853,Cs6Pb1I8,"[6, 1, 8]"
854,Cs6Pb5I1,"[6, 5, 1]"
855,Cs7Pb1I6,"[7, 1, 6]"
856,Cs7Pb1I9,"[7, 1, 9]"
857,Cs7Pb2I5,"[7, 2, 5]"
858,Cs7Pb2I11,"[7, 2, 11]"
859,Cs7Pb3I4,"[7, 3, 4]"
860,Cs7Pb4I3,"[7, 4, 3]"
861,Cs7Pb5I2,"[7, 5, 2]"
862,Cs7Pb6I1,"[7, 6, 1]"
863,Cs8Pb1I7,"[8, 1, 7]"
864,Cs8Pb1I10,"[8, 1, 10]"
865,Cs8Pb3I5,"[8, 3, 5]"
866,Cs8Pb5I3,"[8, 5, 3]"
867,Cs8Pb7I1,"[8, 7, 1]"
868,Cs9Pb1I8,"[9, 1, 8]"
869,Cs9Pb2I7,"[9, 2, 7]"
870,Cs9Pb4I5,"[9, 4, 5]"
871,Cs9Pb5I4,"[9, 5, 4]"
872,Cs9Pb7I2,"[9, 7, 2]"
873,Cs9Pb8I1,"[9, 8, 1]"
874,Cs10Pb1I9,"[10, 1, 9]"
875,Cs10Pb3I7,"[10, 3, 7]"
876,Cs10Pb7I3,"[10, 7, 3]"
877,Cs10Pb9I1,"[10, 9, 1]"
878,Cs1Sb1Br4,"[1, 1, 4]"
879,Cs1Sb2Br7,"[1, 2, 7]"
880,Cs1Sb3Br10,"[1, 3, 10]"
881,Cs1Sb4Br13,"[1, 4, 13]"
882,Cs2Sb1Br5,"[2, 1, 5]"
883,Cs2Sb3Br11,"[2, 3, 11]"
884,Cs3Sb1Br6,"[3, 1, 6]"
885,Cs3Sb2Br9,"[3, 2, 9]"
886,Cs4Sb1Br1,"[4, 1, 1]"
887,Cs4Sb1Br7,"[4, 1, 7]"
888,Cs4Sb3Br13,"[4, 3, 13]"
889,Cs5Sb1Br2,"[5, 1, 2]"
890,Cs5Sb1Br8,"[5, 1, 8]"
891,Cs5Sb2Br11,"[5, 2, 11]"
892,Cs6Sb1Br3,"[6, 1, 3]"
893,Cs6Sb1Br9,"[6, 1, 9]"
894,Cs7Sb1Br4,"[7, 1, 4]"
895,Cs7Sb1Br10,"[7, 1, 10]"
896,Cs7Sb2Br1,"[7, 2, 1]"
897,Cs8Sb1Br5,"[8, 1, 5]"
898,Cs8Sb1Br11,"[8, 1, 11]"
899,Cs9Sb1Br6,"[9, 1, 6]"
900,Cs9Sb2Br3,"[9, 2, 3]"
901,Cs10Sb1Br7,"[10, 1, 7]"
902,Cs10Sb3Br1,"[10, 3, 1]"
903,Cs11Sb1Br8,"[11, 1, 8]"
904,Cs11Sb2Br5,"[11, 2, 5]"
905,Cs11Sb3Br2,"[11, 3, 2]"
906,Cs13Sb3Br4,"[13, 3, 4]"
907,Cs13Sb4Br1,"[13, 4, 1]"
908,Cs1Sb1I4,"[1, 1, 4]"
909,Cs1Sb2I7,"[1, 2, 7]"
910,Cs1Sb3I10,"[1, 3, 10]"
911,Cs1Sb4I13,"[1, 4, 13]"
912,Cs2Sb1I5,"[2, 1, 5]"
913,Cs2Sb3I11,"[2, 3, 11]"
914,Cs3Sb1I6,"[3, 1, 6]"
915,Cs3Sb2I9,"[3, 2, 9]"
916,Cs4Sb1I1,"[4, 1, 1]"
917,Cs4Sb1I7,"[4, 1, 7]"
918,Cs4Sb3I13,"[4, 3, 13]"
919,Cs5Sb1I2,"[5, 1, 2]"
920,Cs5Sb1I8,"[5, 1, 8]"
921,Cs5Sb2I11,"[5, 2, 11]"
922,Cs6Sb1I3,"[6, 1, 3]"
923,Cs6Sb1I9,"[6, 1, 9]"
924,Cs7Sb1I4,"[7, 1, 4]"
925,Cs7Sb1I10,"[7, 1, 10]"
926,Cs7Sb2I1,"[7, 2, 1]"
927,Cs8Sb1I5,"[8, 1, 5]"
928,Cs8Sb1I11,"[8, 1, 11]"
929,Cs9Sb1I6,"[9, 1, 6]"
930,Cs9Sb2I3,"[9, 2, 3]"
931,Cs10Sb1I7,"[10, 1, 7]"
932,Cs10Sb3I1,"[10, 3, 1]"
933,Cs11Sb1I8,"[11, 1, 8]"
934,Cs11Sb2I5,"[11, 2, 5]"
935,Cs11Sb3I2,"[11, 3, 2]"
936,Cs13Sb3I4,"[13, 3, 4]"
937,Cs13Sb4I1,"[13, 4, 1]"
938,Cs1Sn1Br5,"[1, 1, 5]"
939,Cs1Sn2Br9,"[1, 2, 9]"
940,Cs1Sn3Br13,"[1, 3, 13]"
941,Cs2Sn1Br6,"[2, 1, 6]"
942,Cs2Sn3Br14,"[2, 3, 14]"
943,Cs3Sn1Br7,"[3, 1, 7]"
944,Cs3Sn2Br11,"[3, 2, 11]"
945,Cs4Sn1Br8,"[4, 1, 8]"
946,Cs5Sn1Br9,"[5, 1, 9]"
947,Cs5Sn2Br13,"[5, 2, 13]"
948,Cs6Sn1Br10,"[6, 1, 10]"
949,Cs7Sn1Br11,"[7, 1, 11]"
950,Cs1Sn1I5,"[1, 1, 5]"
951,Cs1Sn2I9,"[1, 2, 9]"
952,Cs1Sn3I13,"[1, 3, 13]"
953,Cs2Sn1I6,"[2, 1, 6]"
954,Cs2Sn3I14,"[2, 3, 14]"
955,Cs3Sn1I7,"[3, 1, 7]"
956,Cs3Sn2I11,"[3, 2, 11]"
957,Cs4Sn1I8,"[4, 1, 8]"
958,Cs5Sn1I9,"[5, 1, 9]"
959,Cs5Sn2I13,"[5, 2, 13]"
960,Cs6Sn1I10,"[6, 1, 10]"
961,Cs7Sn1I11,"[7, 1, 11]"
962,Cs1In1Br4,"[1, 1, 4]"
963,Cs1In2Br7,"[1, 2, 7]"
964,Cs1In3Br10,"[1, 3, 10]"
965,Cs1In4Br13,"[1, 4, 13]"
966,Cs2In1Br5,"[2, 1, 5]"
967,Cs2In3Br11,"[2, 3, 11]"
968,Cs3In1Br6,"[3, 1, 6]"
969,Cs3In2Br9,"[3, 2, 9]"
970,Cs4In1Br7,"[4, 1, 7]"
971,Cs4In3Br13,"[4, 3, 13]"
972,Cs5In1Br8,"[5, 1, 8]"
973,Cs5In2Br11,"[5, 2, 11]"
974,Cs6In1Br9,"[6, 1, 9]"
975,Cs7In1Br10,"[7, 1, 10]"
976,Cs8In1Br11,"[8, 1, 11]"
977,Cs1In1I4,"[1, 1, 4]"
978,Cs1In2I7,"[1, 2, 7]"
979,Cs1In3I10,"[1, 3, 10]"
980,Cs1In4I13,"[1, 4, 13]"
981,Cs2In1I5,"[2, 1, 5]"
982,Cs2In3I11,"[2, 3, 11]"
983,Cs3In1I6,"[3, 1, 6]"
984,Cs3In2I9,"[3, 2, 9]"
985,Cs4In1I7,"[4, 1, 7]"
986,Cs4In3I13,"[4, 3, 13]"
987,Cs5In1I8,"[5, 1, 8]"
988,Cs5In2I11,"[5, 2, 11]"
989,Cs6In1I9,"[6, 1, 9]"
990,Cs7In1I10,"[7, 1, 10]"
991,Cs8In1I11,"[8, 1, 11]"
